year,income
2010,38420.52289
2011,42334.71121
2012,42665.25597
2013,42676.46837
2014,41039.8936
2015,35175.18898
2016,34229.19363
2017,42975.31
2018,44148.59
2019,45321.86
2020,46495.14
